[
  {
    "Nombre de aplicación": "Alpacash-Préstamos en Perú",
    "Descripción": "Obtén crédito personal desde tu celular y págalo en la forma que más te convenga",
    "N° de instalaciones": 653048,
    "Desarrollador": "Alpacash",
    "Página web de la aplicación": "https://www.drloanbl.com/",
    "Política de privacidad": "https://www.drloanbl.com/cp/alpacash/index.html",
    "Fecha de lanzamiento": "20/05/2022",
    "Fecha de última actualización": "21/04/2023",
    "Empresa relacionada": "No se menciona",
    "Imagen": "alpacash.jpg",
    "Nombre": "Alpacash",
    "Estado": "Vigente"
  },
  {
    "Nombre de aplicación": "B&F Loan- Préstamos de dinero",
    "Descripción": "Crédito fácil y bajo interes",
    "N° de instalaciones": 5811,
    "Desarrollador": "Businesses & Finance S.a.c.",
    "Página web de la aplicación": "http://site.bfloan.net/",
    "Política de privacidad": "https://www.bfloan.net/help/privacy_agreement",
    "Fecha de lanzamiento": "13/12/2022",
    "Fecha de última actualización": "11/01/2023",
    "Empresa relacionada": "Businesses & Finance S.A.C.",
    "Imagen": "byfloan.png",
    "Nombre": "B&F Loan",
    "Estado": "Vigente"
  },
  {
    "Nombre de aplicación": "COCO Crédito-Préstamos rápido",
    "Descripción": "Préstamos rápido",
    "N° de instalaciones": 8122,
    "Desarrollador": "COCO Crédito",
    "Página web de la aplicación": "",
    "Política de privacidad": "https://cococredito.com/politica-de-privacidad",
    "Fecha de lanzamiento": "14/02/2023",
    "Fecha de última actualización": "23/03/2023",
    "Empresa relacionada": "IPESO PERU S.A.C",
    "Imagen": "cococredito.jpg",
    "Nombre": "Coco",
    "Estado": "Vigente"
  },
  {
    "Nombre de aplicación": "ConfíoCash-PE Prestamos",
    "Descripción": "Le brinda servicios de préstamos rápidos en línea, venga y obtenga un préstamo",
    "N° de instalaciones": 13069,
    "Desarrollador": "OliverGreen",
    "Página web de la aplicación": "https://www.confiocashperu.com/",
    "Política de privacidad": "https://www.confiocashperu.com/cc-privacy",
    "Fecha de lanzamiento": "28/02/2023",
    "Fecha de última actualización": "19/04/2023",
    "Empresa relacionada": "Confiotech Digital S.A.C - Empresa falsa",
    "Imagen": "confiocash.png",
    "Nombre": "Confío Cash",
    "Estado": "Vigente"
  },
  {
    "Nombre de aplicación": "CoriPlata",
    "Descripción": "CoriPlata - La mejor opción de Préstamo Personal en línea",
    "N° de instalaciones": 5049,
    "Desarrollador": "CoriPlata",
    "Página web de la aplicación": "https://www.coriplata.com",
    "Política de privacidad": "https://www.coriplata.com/#/privacyAgreement",
    "Fecha de lanzamiento": "16/03/2023",
    "Fecha de última actualización": "28/04/2023",
    "Empresa relacionada": "De Casa Money SAC - Empresa falsa",
    "Imagen": "coriplata.jpg",
    "Nombre": "CoriPlata",
    "Estado": "Vigente"
  },
  {
    "Nombre de aplicación": "CrediSol–Préstamo de crédito",
    "Descripción": "El préstamo personal que se adapte a ti, préstamos rápidos y seguros.",
    "N° de instalaciones": 26268,
    "Desarrollador": "perucred",
    "Página web de la aplicación": "https://www.credisol.pe/",
    "Política de privacidad": "https://www.credisol.pe/h5/privacidad.html",
    "Fecha de lanzamiento": "20/02/2023",
    "Fecha de última actualización": "29/03/2023",
    "Empresa relacionada": "Perucred Digital Finance SAC",
    "Imagen": "credisol.png",
    "Nombre": "Credisol",
    "Estado": "Vigente"
  },
  {
    "Nombre de aplicación": "Don Préstamo",
    "Descripción": "Necesitas lana? Ven al Don Préstamo!",
    "N° de instalaciones": 4479,
    "Desarrollador": "FUEGO FIRE FLAME",
    "Página web de la aplicación": "",
    "Política de privacidad": "https://h5.phormigacredito.com/privacy.html",
    "Fecha de lanzamiento": "19/11/2022",
    "Fecha de última actualización": "19/01/2023",
    "Empresa relacionada": "No se menciona",
    "Imagen": "don-prestamo.png",
    "Nombre": "Don Préstamo",
    "Estado": "Vigente"
  },
  {
    "Nombre de aplicación": "EkeCash–Préstamo de crédito",
    "Descripción": "Préstamos personales de crédito inmediatos en efectivo, solicite su préstamo ya.",
    "N° de instalaciones": 179085,
    "Desarrollador": "Ekecash Préstamo",
    "Página web de la aplicación": "https://www.ekecash.pe/",
    "Política de privacidad": "https://www.ekecash.pe/h5/privacidadNew.html",
    "Fecha de lanzamiento": "31/10/2022",
    "Fecha de última actualización": "26/04/2023",
    "Empresa relacionada": "Perucred Digital Finance SAC",
    "Imagen": "ekecash.png",
    "Nombre": "Ekecash",
    "Estado": "Vigente"
  },
  {
    "Nombre de aplicación": "Ekeko: Préstamos rápido online",
    "Descripción": "Préstamos de dinero en línea rápido y fácil. Aprobación instantánea sin nómina.",
    "N° de instalaciones": 402390,
    "Desarrollador": "Ekeko Préstamo S.A",
    "Página web de la aplicación": "https://ekeko.site/",
    "Política de privacidad": "https://ekeko.site/index.php/privacy-agreement/",
    "Fecha de lanzamiento": "26/09/2022",
    "Fecha de última actualización": "26/09/2022",
    "Empresa relacionada": "No se menciona",
    "Imagen": "ekeko.png",
    "Nombre": "Ekeko",
    "Estado": "Vigente"
  },
  {
    "Nombre de aplicación": "ePlata - Préstamos en línea",
    "Descripción": "Préstamos fáciles y rápidos para pequeños créditos de personales sin buro",
    "N° de instalaciones": 37802,
    "Desarrollador": "ePlata App",
    "Página web de la aplicación": "https://eplata.tech",
    "Política de privacidad": "https://eplata.tech/privacy-policy",
    "Fecha de lanzamiento": "29/11/2022",
    "Fecha de última actualización": "29/11/2022",
    "Empresa relacionada": "No se menciona",
    "Imagen": "eplata.png",
    "Nombre": "ePlata",
    "Estado": "Vigente"
  },
  {
    "Nombre de aplicación": "Hicredito– Préstamos Personale",
    "Descripción": "Préstamos fáciles y rápidos para pequeños créditos",
    "N° de instalaciones": 48156,
    "Desarrollador": "Hicredito",
    "Página web de la aplicación": "https://www.hicredito.com/",
    "Política de privacidad": "https://www.hicredito.com/hicredito/privacidad.html",
    "Fecha de lanzamiento": "23/11/2022",
    "Fecha de última actualización": "06/04/2023",
    "Empresa relacionada": "HICREDITO MICROLOANS TECNOLOGIA S.A.S - Empresa falsa",
    "Imagen": "hicredito.png",
    "Nombre": "Hicredito",
    "Estado": "Vigente"
  },
  {
    "Nombre de aplicación": "iKori-Préstamos de Dinero",
    "Descripción": "Créditos personales y préstamo en Perú. Aprobación al momento",
    "N° de instalaciones": 401087,
    "Desarrollador": "ikori",
    "Página web de la aplicación": "https://ikori.cc",
    "Política de privacidad": "https://ikori.cc/privacy-policy",
    "Fecha de lanzamiento": "18/05/2022",
    "Fecha de última actualización": "15/01/2023",
    "Empresa relacionada": "No se menciona",
    "Imagen": "ikori.png",
    "Nombre": "iKori",
    "Estado": "Vigente"
  },
  {
    "Nombre de aplicación": "Inagotables -préstamo efectivo",
    "Descripción": "Préstamos de crédito personal, su ayuda financiera",
    "N° de instalaciones": 7639,
    "Desarrollador": "JHON EDDIER ARDILA PALOMINO",
    "Página web de la aplicación": "https://atse.inagotablesockf.com",
    "Política de privacidad": "https://atse.inagotablesockf.com/inaper/agprivacyinag",
    "Fecha de lanzamiento": "2/03/2023",
    "Fecha de última actualización": "02/03/2023",
    "Empresa relacionada": "No se menciona",
    "Imagen": "inagotables.png",
    "Nombre": "Inagotables",
    "Estado": "Vigente"
  },
  {
    "Nombre de aplicación": "Kashin - Préstamos hasta S/800",
    "Descripción": "Recibe prestamos y creditos confiables de inmediato.",
    "N° de instalaciones": 195740,
    "Desarrollador": "TrustTech",
    "Página web de la aplicación": "https://kashin.app",
    "Política de privacidad": "https://kashin.app/terminos-y-condiciones/",
    "Fecha de lanzamiento": "7/09/2020",
    "Fecha de última actualización": "30/03/2023",
    "Empresa relacionada": "Trustek S.A.C.",
    "Imagen": "Kashin.jpg",
    "Nombre": "Kashin",
    "Estado": "Vigente"
  },
  {
    "Nombre de aplicación": "LimaCash - Préstamo en línea",
    "Descripción": "Préstamo en línea",
    "N° de instalaciones": 49293,
    "Desarrollador": "YC GR",
    "Página web de la aplicación": "",
    "Política de privacidad": "https://app.limacash.top/policy0.html",
    "Fecha de lanzamiento": "5/01/2023",
    "Fecha de última actualización": "04/04/2023",
    "Empresa relacionada": "No se menciona",
    "Imagen": "limacash.png",
    "Nombre": "Limacash",
    "Estado": "Vigente"
  },
  {
    "Nombre de aplicación": "Magicaja–Préstamo Rápido",
    "Descripción": "Préstamo en línea rápido y seguro",
    "N° de instalaciones": 5946,
    "Desarrollador": "Magicaja",
    "Página web de la aplicación": "https://www.magicaja.pe",
    "Política de privacidad": "https://www.magicaja.pe/h5/privacidad.html",
    "Fecha de lanzamiento": "17/03/2023",
    "Fecha de última actualización": "07/04/2023",
    "Empresa relacionada": "Perucred Digital Finance SAC",
    "Imagen": "magicaja.png",
    "Nombre": "Magicaja",
    "Estado": "Vigente"
  },
  {
    "Nombre de aplicación": "Más Sol-Préstamo Fácil",
    "Descripción": "Préstamos en línea sin papeleo en Perú",
    "N° de instalaciones": 347893,
    "Desarrollador": "Más Sol S.A.C.",
    "Página web de la aplicación": "https://www.facilprestamope.com",
    "Política de privacidad": "https://www.facilprestamope.com/facilprestamopes/FacilPrestamo.html",
    "Fecha de lanzamiento": "16/09/2022",
    "Fecha de última actualización": "24/04/2023",
    "Empresa relacionada": "Más Sol S.A.C. - Empresa falsa",
    "Imagen": "massol.jpg",
    "Nombre": "Mas Sol",
    "Estado": "Vigente"
  },
  {
    "Nombre de aplicación": "Meti-prestamos en linea",
    "Descripción": "Meti - préstamo en línea en Perú, rápido, eficiente y sin garantía",
    "N° de instalaciones": 142369,
    "Desarrollador": "Meti Crédito",
    "Página web de la aplicación": "http://www.metiapp.com",
    "Política de privacidad": "https://loansapp.metiapp.com/api/v2/getStaticProtocol?agreementName=meti-privacidad",
    "Fecha de lanzamiento": "4/11/2022",
    "Fecha de última actualización": "28/04/2023",
    "Empresa relacionada": "BANGKOK PERU S.A.C.",
    "Imagen": "metiprestamos.png",
    "Nombre": "Meti",
    "Estado": "Vigente"
  },
  {
    "Nombre de aplicación": "Monton - préstamo en línea",
    "Descripción": "Préstamos en línea de Perú, seguro, sin garantía",
    "N° de instalaciones": 12515,
    "Desarrollador": "CORTES GARZON DILIA ALEXANDRA",
    "Página web de la aplicación": "https://mmi.montonstprz.com",
    "Política de privacidad": "https://mmi.montonstprz.com/permon/agprivacymont",
    "Fecha de lanzamiento": "20/02/2023",
    "Fecha de última actualización": "20/02/2023",
    "Empresa relacionada": "No se menciona",
    "Imagen": "monton.png",
    "Nombre": "Monton",
    "Estado": "Vigente"
  },
  {
    "Nombre de aplicación": "Peruprésta",
    "Descripción": "aprobación rapida, deposito inmediato",
    "N° de instalaciones": 1512,
    "Desarrollador": "HDAXIONGE",
    "Página web de la aplicación": "https://www.perupresta.com/",
    "Política de privacidad": "https://www.perupresta.com/agreement/agreement.html",
    "Fecha de lanzamiento": "12/03/2023",
    "Fecha de última actualización": "12/04/2023",
    "Empresa relacionada": "Plus Cosmética S.A",
    "Imagen": "perupresta.png",
    "Nombre": "Perupresta",
    "Estado": "Vigente"
  },
  {
    "Nombre de aplicación": "Prestasoles - Préstamos rápido",
    "Descripción": "Préstamos rápido",
    "N° de instalaciones": 248047,
    "Desarrollador": "YC GR",
    "Página web de la aplicación": "",
    "Política de privacidad": "https://arge.prestasoles.top/policy.html",
    "Fecha de lanzamiento": "9/11/2022",
    "Fecha de última actualización": "29/03/2023",
    "Empresa relacionada": "No se menciona",
    "Imagen": "prestasoles.png",
    "Nombre": "PrestaSoles",
    "Estado": "Vigente"
  },
  {
    "Nombre de aplicación": "Préstamos de dinero-Rapipeso",
    "Descripción": "prestamos de credito,prestamos,prestamos en linea,cash,prestamos rapido,dinero",
    "N° de instalaciones": 5058,
    "Desarrollador": "rapi peso",
    "Página web de la aplicación": "https://www.rapipesope.com",
    "Política de privacidad": "https://www.rapipesope.com/privacy.html",
    "Fecha de lanzamiento": "15/11/2022",
    "Fecha de última actualización": "15/11/2022",
    "Empresa relacionada": "No se menciona",
    "Imagen": "rapipeso.png",
    "Nombre": "Rapi Peso",
    "Estado": "Vigente"
  },
  {
    "Nombre de aplicación": "SoleWaka : Préstamos Rápidos",
    "Descripción": "SoleWaka ofrece préstamos en efectivo en cualquier momento y en cualquier lugar",
    "N° de instalaciones": 6446,
    "Desarrollador": "SoleWaka",
    "Página web de la aplicación": "https://www.solewaka.live",
    "Política de privacidad": "https://sw.solewaka.com/soleprivacid/privaperssolo.html",
    "Fecha de lanzamiento": "29/01/2023",
    "Fecha de última actualización": "28/03/2023",
    "Empresa relacionada": "No se menciona",
    "Imagen": "solewaka.png",
    "Nombre": "SoleWaka",
    "Estado": "Vigente"
  },
  {
    "Nombre de aplicación": "Sol PE-conseguir dinero rapido",
    "Descripción": "Sol PE ofrece préstamos personales en efectivo a bajo interés.",
    "N° de instalaciones": 9405,
    "Desarrollador": "SOL Box",
    "Página web de la aplicación": "",
    "Política de privacidad": "https://sites.google.com/view/solpe",
    "Fecha de lanzamiento": "31/03/2023",
    "Fecha de última actualización": "25/04/2023",
    "Empresa relacionada": "No se menciona",
    "Imagen": "solpe.png",
    "Nombre": "Sol PE",
    "Estado": "Vigente"
  },
  {
    "Nombre de aplicación": "SolyaCash-Préstamo de crédito",
    "Descripción": "Crédito Préstamos Perú : En linea, Efectivo, Seguro",
    "N° de instalaciones": 36740,
    "Desarrollador": "SolyaCash",
    "Página web de la aplicación": "https://www.solyacash.com",
    "Política de privacidad": "https://h5.solyacash.com/privacyPolicy",
    "Fecha de lanzamiento": "24/03/2023",
    "Fecha de última actualización": "18/04/2023",
    "Empresa relacionada": "No se menciona",
    "Imagen": "solyacash.png",
    "Nombre": "Solya Cash",
    "Estado": "Vigente"
  },
  {
    "Nombre de aplicación": "SúperCredito Préstamo en Perú",
    "Descripción": "Un credito confiable al alcance de todos. ¡Que el buró no te detenga!",
    "N° de instalaciones": 45321,
    "Desarrollador": "SúperCredito Préstamo S.A.",
    "Página web de la aplicación": "https://www.supercreditope.com",
    "Política de privacidad": "https://peru.supercreditoco.com/supercreditos/privacy.html",
    "Fecha de lanzamiento": "2/03/2023",
    "Fecha de última actualización": "09/03/2023",
    "Empresa relacionada": "SúperCredito Préstamo S.A.",
    "Imagen": "supercredito.png",
    "Nombre": "Súper Crédito",
    "Estado": "Vigente"
  },
  {
    "Nombre de aplicación": "takay-prestamos en linea",
    "Descripción": "takay-préstamo en línea en Perú, rápido, eficiente y sin garantía",
    "N° de instalaciones": 31534,
    "Desarrollador": "takayapp",
    "Página web de la aplicación": "http://www.takayapp.com",
    "Política de privacidad": "https://loansapp.takayapp.com/protocol/takay/takay-privacidad.html",
    "Fecha de lanzamiento": "17/02/2023",
    "Fecha de última actualización": "27/04/2023",
    "Empresa relacionada": "Finbeneficio Peru S.A.C.",
    "Imagen": "takay.png",
    "Nombre": "Takay",
    "Estado": "Vigente"
  },
  {
    "Nombre de aplicación": "Vamo Cash: Préstamos en Línea",
    "Descripción": "Préstamos de dinero en línea rápido y fácil. Aprobación instantánea sin nómina",
    "N° de instalaciones": 106635,
    "Desarrollador": "Vamo Cash",
    "Página web de la aplicación": "https://vamocash.com/",
    "Política de privacidad": "https://vamocash.com/index.php/acuerdo-de-privacidad/",
    "Fecha de lanzamiento": "14/10/2022",
    "Fecha de última actualización": "14/10/2022",
    "Empresa relacionada": "No se menciona",
    "Imagen": "vamocash.png",
    "Nombre": "Vamo Cash",
    "Estado": "Vigente"
  },
  {
    "Nombre de aplicación": "Viva Crédito-Préstamo Rápido",
    "Descripción": "Préstamo personal rápido y seguro en Perú",
    "N° de instalaciones": 627782,
    "Desarrollador": "Viva Crédito",
    "Página web de la aplicación": "https://www.carteraprestamo.com",
    "Política de privacidad": "https://www.carteraprestamo.com/carteraprestamos/carteraprestamo.html",
    "Fecha de lanzamiento": "20/07/2022",
    "Fecha de última actualización": "22/03/2023",
    "Empresa relacionada": "GRUPO COMPETIDORES PERU S.A.C.",
    "Imagen": "vivacredito.png",
    "Nombre": "Viva Crédito",
    "Estado": "Vigente"
  },
  {
    "Nombre de aplicación": "YaCredito-Préstamos rápido",
    "Descripción": "Préstamos de dinero rápido seguro práctico simple fácil en línea en línea",
    "N° de instalaciones": 50207,
    "Desarrollador": "YaCredito",
    "Página web de la aplicación": "https://www.yacredito.com/",
    "Política de privacidad": "https://www.yacredito.com/#/privacyAgreement",
    "Fecha de lanzamiento": "18/01/2023",
    "Fecha de última actualización": "27/03/2023",
    "Empresa relacionada": "CB FINTECH S.A.C.",
    "Imagen": "yacredito.png",
    "Nombre": "Ya Credito",
    "Estado": "Vigente"
  },
  {
    "Nombre de aplicación": "ZooPrestamos -Credito en línea",
    "Descripción": "Personales Préstamos en Créditos y Dinero, desde tu celular. Aprobación Rápido",
    "N° de instalaciones": 16354,
    "Desarrollador": "zooprestamos",
    "Página web de la aplicación": "https://zooprestamos.com",
    "Política de privacidad": "https://zooprestamos.com/agreement/privacidad.html",
    "Fecha de lanzamiento": "7/03/2023",
    "Fecha de última actualización": "25/04/2023",
    "Empresa relacionada": "XINTAI PERU S.A.C",
    "Imagen": "zooprestamos.png",
    "Nombre": "Zooprestamos",
    "Estado": "Vigente"
  },
  {
    "Nombre de aplicación": "Solcash",
    "Descripción": "Préstamo personales online en Perú, crédito de dinero al momento",
    "N° de instalaciones": 50000,
    "Desarrollador": "Solcash",
    "Página web de la aplicación": "https://solcash.cc/home",
    "Política de privacidad": "https://solcash.cc/privacy-policy",
    "Fecha de lanzamiento": "Sin información",
    "Fecha de última actualización": "30/01/2023",
    "Empresa relacionada": "IPESO PERU S.A.C",
    "Imagen": "solcash.jpg",
    "Nombre": "Solcash",
    "Estado": "Eliminado"
  },
  {
    "Nombre de aplicación": "C Platinka-Préstamo en Perú",
    "Descripción": "Préstamos en efectivo en Perú",
    "N° de instalaciones": 100000,
    "Desarrollador": "Hongyiapp",
    "Página web de la aplicación": "https://www.cplatinka.com/home",
    "Política de privacidad": "https://www.cplatinka.com/privacy-policy",
    "Fecha de lanzamiento": "Sin información",
    "Fecha de última actualización": "05/09/2022",
    "Empresa relacionada": "IPESO PERU S.A.C",
    "Imagen": "cplatinka.png",
    "Nombre": "C Platinka",
    "Estado": "Eliminado"
  },
  {
    "Nombre de aplicación": "Carterapréstamo - Cartera préstamo",
    "Descripción": "Sin información",
    "N° de instalaciones": "-",
    "Desarrollador": "Sin información",
    "Página web de la aplicación": "https://www.carteraprestamo.com/",
    "Política de privacidad": "Sin información",
    "Fecha de lanzamiento": "Sin información",
    "Fecha de última actualización": "Sin información",
    "Empresa relacionada": "GRUPO COMPETIDORES PERU S.A.C.",
    "Imagen": "cartera.jpg",
    "Nombre": "CarteraPréstamo",
    "Estado": "Eliminado"
  },
  {
    "Nombre de aplicación": "Credi Perú - Crédito Perú",
    "Descripción": "La mejor opción de préstamo personal en línea",
    "N° de instalaciones": 100000,
    "Desarrollador": "Grupo Competidores Perú S.A.C",
    "Página web de la aplicación": "https://www.creditoperus.com/",
    "Política de privacidad": "https://www.creditoperus.com/creditoperus/creditperu.html",
    "Fecha de lanzamiento": "Sin información",
    "Fecha de última actualización": "09/11/2022",
    "Empresa relacionada": "GRUPO COMPETIDORES PERU S.A.C.",
    "Imagen": "creditoperu.png",
    "Nombre": "Crédito Perú",
    "Estado": "Eliminado"
  },
  {
    "Nombre de aplicación": "CuyCash: Crédito y Préstamos",
    "Descripción": "Préstamo personal, préstamo efectivo, préstamo efectivo de crédito sin garantía",
    "N° de instalaciones": 10000,
    "Desarrollador": "CuyCash",
    "Página web de la aplicación": "https://cuycash.com/",
    "Política de privacidad": "Sin información",
    "Fecha de lanzamiento": "Sin información",
    "Fecha de última actualización": "27/10/2022",
    "Empresa relacionada": "No se menciona",
    "Imagen": "cuycash.png",
    "Nombre": "Cuy Cash",
    "Estado": "Eliminado"
  },
  {
    "Nombre de aplicación": "HICASH / HI CASH",
    "Descripción": "Sin información",
    "N° de instalaciones": "-",
    "Desarrollador": "Sin información",
    "Página web de la aplicación": "http://www.hi-cash.top/",
    "Política de privacidad": "Sin información",
    "Fecha de lanzamiento": "Sin información",
    "Fecha de última actualización": "Sin información",
    "Empresa relacionada": "No se menciona",
    "Imagen": "hicash.png",
    "Nombre": "Hi Cash",
    "Estado": "Eliminado"
  },
  {
    "Nombre de aplicación": "HolaCash",
    "Descripción": "Servicio de calidad en línea, el cliente primero",
    "N° de instalaciones": 100000,
    "Desarrollador": "HolaCash",
    "Página web de la aplicación": "Sin información",
    "Política de privacidad": "Sin información",
    "Fecha de lanzamiento": "Sin información",
    "Fecha de última actualización": "02/01/2023",
    "Empresa relacionada": "No se menciona",
    "Imagen": "holacash.png",
    "Nombre": "Hola Cash",
    "Estado": "Eliminado"
  },
  {
    "Nombre de aplicación": "HuayMoney - Préstamo Urgente",
    "Descripción": "La mejor plataforma de préstamos rápidos y confiables en Perú",
    "N° de instalaciones": 50000,
    "Desarrollador": "HuayMoney",
    "Página web de la aplicación": "https://www.huaymoneype.com/",
    "Política de privacidad": "https://www.huaymoneype.com/huaymoneypes/huaymoneype.html",
    "Fecha de lanzamiento": "Sin información",
    "Fecha de última actualización": "10/12/2022",
    "Empresa relacionada": "No se menciona",
    "Imagen": "huaymoney.png",
    "Nombre": "Huay Money",
    "Estado": "Eliminado"
  },
  {
    "Nombre de aplicación": "iSolez-Préstamos cash en Perú",
    "Descripción": "Préstamos en efectivo cash crédito en Perú",
    "N° de instalaciones": 100000,
    "Desarrollador": "iSolez Tech",
    "Página web de la aplicación": "https://www.isolez.cc/home",
    "Política de privacidad": "https://www.isolez.cc/privacy-policy",
    "Fecha de lanzamiento": "Sin información",
    "Fecha de última actualización": "18/02/2022",
    "Empresa relacionada": "No se menciona",
    "Imagen": "isolez.png",
    "Nombre": "iSolez",
    "Estado": "Eliminado"
  },
  {
    "Nombre de aplicación": "Kolque - Préstamos online",
    "Descripción": "Préstamos inteligentes y de confianza para los peruanos",
    "N° de instalaciones": 44305,
    "Desarrollador": "Kolque",
    "Página web de la aplicación": "https://www.kolque.com/home",
    "Política de privacidad": "https://www.kolque.com/privacy-policy",
    "Fecha de lanzamiento": "Sin información",
    "Fecha de última actualización": "17/03/2023",
    "Empresa relacionada": "No se menciona",
    "Imagen": "kolque.png",
    "Nombre": "Kolque",
    "Estado": "Eliminado"
  },
  {
    "Nombre de aplicación": "Misoles - Préstamos Personales",
    "Descripción": "Préstamos fáciles y rápidos para pequeños créditos",
    "N° de instalaciones": 50000,
    "Desarrollador": "Misoles",
    "Página web de la aplicación": "https://www.misolestech.com/",
    "Política de privacidad": "https://www.misolestech.com/misoles/privacidad.html",
    "Fecha de lanzamiento": "Sin información",
    "Fecha de última actualización": "17/05/2023",
    "Empresa relacionada": "No se menciona",
    "Imagen": "misoles.png",
    "Nombre": "Mi soles",
    "Estado": "Eliminado"
  },
  {
    "Nombre de aplicación": "PerúCrédito - Préstamo urgente",
    "Descripción": "Préstamo urgente",
    "N° de instalaciones": 100000,
    "Desarrollador": "YC GR",
    "Página web de la aplicación": "https://apps.perucredito.top/",
    "Política de privacidad": "https://apps.perucredito.top/policy.html",
    "Fecha de lanzamiento": "Sin información",
    "Fecha de última actualización": "25/04/2023",
    "Empresa relacionada": "No se menciona",
    "Imagen": "perucredito.png",
    "Nombre": "Perú Crédito",
    "Estado": "Eliminado"
  },
  {
    "Nombre de aplicación": "Perú loan - El más usado en Perú",
    "Descripción": "Brindar servicios en línea",
    "N° de instalaciones": 100000,
    "Desarrollador": "ddcredy",
    "Página web de la aplicación": "https://apps.peincash.top/",
    "Política de privacidad": "https://apps.peincash.top/policy.html",
    "Fecha de lanzamiento": "Sin información",
    "Fecha de última actualización": "28/12/2022",
    "Empresa relacionada": "No se menciona",
    "Imagen": "peruloan.png",
    "Nombre": "Perú loan",
    "Estado": "Eliminado"
  },
  {
    "Nombre de aplicación": "Prestasoles - Préstamos rápido",
    "Descripción": "Préstamos rápidos",
    "N° de instalaciones": 100000,
    "Desarrollador": "YC GR",
    "Página web de la aplicación": "https://arge.prestasoles.top/",
    "Política de privacidad": "https://arge.prestasoles.top/policy.html",
    "Fecha de lanzamiento": "Sin información",
    "Fecha de última actualización": "06/04/2023",
    "Empresa relacionada": "No se menciona",
    "Imagen": "prestasoles.png",
    "Nombre": "Presta Soles",
    "Estado": "Eliminado"
  },
  {
    "Nombre de aplicación": "YepCredito - Préstamo Rápido",
    "Descripción":"Servicio de préstamos personales rápidos y seguros en línea" ,
    "N° de instalaciones": 50000,
    "Desarrollador": "YesCredito",
    "Página web de la aplicación": "https://www.yepcredito.com/",
    "Política de privacidad": "https://www.yepcredito.com/yepcreditos/yepcredito.html",
    "Fecha de lanzamiento": "Sin información",
    "Fecha de última actualización": "18/12/2022",
    "Empresa relacionada": "No se menciona",
    "Imagen": "yepcredito.png",
    "Nombre": "Yep Crédito",
    "Estado": "Eliminado"
  },
  {
    "Nombre de aplicación": "IncaCASH-Préstamo de crédito",
    "Descripción": "Préstamos en línea. Es fácil, seguro y rápido, aprobación inmediata",
    "N° de instalaciones": 1000000,
    "Desarrollador": "IncashCash Developer",
    "Página web de la aplicación": "http://www.inkacash.net/",
    "Política de privacidad": "Sin información",
    "Fecha de lanzamiento": "Sin información",
    "Fecha de última actualización": "22/3/2023",
    "Empresa relacionada": "No se menciona",
    "Imagen": "incacash.png",
    "Nombre": "IncaCASH",
    "Estado": "Eliminado"
  },
  {
    "Nombre de aplicación": "CREDIgain: Préstamos en Perú",
    "Descripción": "Préstamo personal, préstamo efectivo, dinero seguro y flexible, personal crédito",
    "N° de instalaciones": 50000,
    "Desarrollador": "CREDIgain Perú",
    "Página web de la aplicación": "https://www.credigain.com",
    "Política de privacidad": "Sin información",
    "Fecha de lanzamiento": "Sin información",
    "Fecha de última actualización": "07/09/2022",
    "Empresa relacionada": "No se menciona",
    "Imagen": "credigain.png",
    "Nombre": "CREDIgain",
    "Estado": "Eliminado"
  }
]